[
    {
        "id": 1,
        "picture": "image-hero-paramour.jpg",
        "title": "Project Paramour",
        "subheading": "Project made for an art museum near Southwest London. Project Paramour is a statement of bold, modern architecture."
    },
    {
        "id": 2,
        "picture": "image-hero-seraph.jpg",
        "title": "Seraph Station",
        "subheading": "The Seraph Station project challenged us to design a unique station that would transport people through time. The result is a fresh and futuristic model inspired by space stations."
    },
    {
        "id": 3,
        "picture": "image-hero-federal.jpg",
        "title": "Federal II Tower",
        "subheading": "A sequel theme project for a tower originally built in the 1800s. We achieved this with a striking look of brutal minimalism with modern touches."
    },
    {
        "id": 4,
        "picture": "image-hero-trinity.jpg",
        "title": "Trinity Bank Tower",
        "subheading": "Trinity Bank challenged us to make a concept for a 84 story building located in the middle of a city with a high earthquake frequency. For this project we used curves to blend design and stability to meet our objectives."
    }
]